timestamp,source_workload,destination_workload,request_protocol,response_code,grpc_response_status,response_flags,reporter,node,total_request,istio_request_bytes_sum,istio_request_duration_milliseconds_sum,result,new_request,new_istio_request_bytes,new_istio_request_duration_milliseconds,latency
2025-03-10 16:09:00,loadgenerator,frontend,http,500,0.0,-,destination,node2,3251.0,3713750.0,422206.0,error,0.0,0.0,0.0,0.0
2025-03-10 16:09:01,loadgenerator,frontend,http,500,0.0,-,destination,node2,3251.0,3713750.0,422206.0,error,0.0,0.0,0.0,0.0
2025-03-10 16:09:02,loadgenerator,frontend,http,500,0.0,-,destination,node2,3251.0,3713750.0,422206.0,error,0.0,0.0,0.0,0.0
2025-03-10 16:09:03,loadgenerator,frontend,http,500,0.0,-,destination,node2,3251.0,3713750.0,422206.0,error,0.0,0.0,0.0,0.0
2025-03-10 16:09:04,loadgenerator,frontend,http,500,0.0,-,destination,node2,3251.0,3713750.0,422206.0,error,0.0,0.0,0.0,0.0
2025-03-10 16:09:05,loadgenerator,frontend,http,500,0.0,-,destination,node2,3251.0,3713750.0,422206.0,error,0.0,0.0,0.0,0.0
2025-03-10 16:09:06,loadgenerator,frontend,http,500,0.0,-,destination,node2,3251.0,3713750.0,422206.0,error,0.0,0.0,0.0,0.0
2025-03-10 16:09:07,loadgenerator,frontend,http,500,0.0,-,destination,node2,3251.0,3713750.0,422206.0,error,0.0,0.0,0.0,0.0
2025-03-10 16:09:08,loadgenerator,frontend,http,500,0.0,-,destination,node2,3251.0,3713750.0,422206.0,error,0.0,0.0,0.0,0.0
2025-03-10 16:09:09,loadgenerator,frontend,http,500,0.0,-,destination,node2,3251.0,3713750.0,422206.0,error,0.0,0.0,0.0,0.0
2025-03-10 16:09:10,loadgenerator,frontend,http,500,0.0,-,destination,node2,3251.0,3713750.0,422206.0,error,0.0,0.0,0.0,0.0
2025-03-10 16:09:11,loadgenerator,frontend,http,500,0.0,-,destination,node2,3251.0,3713750.0,422206.0,error,0.0,0.0,0.0,0.0
2025-03-10 16:09:12,loadgenerator,frontend,http,500,0.0,-,destination,node2,3251.0,3713750.0,422206.0,error,0.0,0.0,0.0,0.0
2025-03-10 16:09:13,loadgenerator,frontend,http,500,0.0,-,destination,node2,3251.0,3713750.0,422206.0,error,0.0,0.0,0.0,0.0
2025-03-10 16:09:14,loadgenerator,frontend,http,500,0.0,-,destination,node2,3251.0,3713750.0,422206.0,error,0.0,0.0,0.0,0.0
2025-03-10 16:09:15,loadgenerator,frontend,http,500,0.0,-,destination,node2,3251.0,3713750.0,422206.0,error,0.0,0.0,0.0,0.0
2025-03-10 16:09:16,loadgenerator,frontend,http,500,0.0,-,destination,node2,3251.0,3713750.0,422206.0,error,0.0,0.0,0.0,0.0
2025-03-10 16:09:17,loadgenerator,frontend,http,500,0.0,-,destination,node2,3251.0,3713750.0,422206.0,error,0.0,0.0,0.0,0.0
2025-03-10 16:09:18,loadgenerator,frontend,http,500,0.0,-,destination,node2,3251.0,3713750.0,422206.0,error,0.0,0.0,0.0,0.0
2025-03-10 16:09:19,loadgenerator,frontend,http,500,0.0,-,destination,node2,3251.0,3713750.0,422206.0,error,0.0,0.0,0.0,0.0
2025-03-10 16:09:20,loadgenerator,frontend,http,500,0.0,-,destination,node2,3251.0,3713750.0,422206.0,error,0.0,0.0,0.0,0.0
2025-03-10 16:09:21,loadgenerator,frontend,http,500,0.0,-,destination,node2,3251.0,3713750.0,422206.0,error,0.0,0.0,0.0,0.0
2025-03-10 16:09:22,loadgenerator,frontend,http,500,0.0,-,destination,node2,3251.0,3713750.0,422206.0,error,0.0,0.0,0.0,0.0
2025-03-10 16:09:23,loadgenerator,frontend,http,500,0.0,-,destination,node2,3251.0,3713750.0,422206.0,error,0.0,0.0,0.0,0.0
2025-03-10 16:09:24,loadgenerator,frontend,http,500,0.0,-,destination,node2,3251.0,3713750.0,422206.0,error,0.0,0.0,0.0,0.0
2025-03-10 16:09:25,loadgenerator,frontend,http,500,0.0,-,destination,node2,3251.0,3713750.0,422206.0,error,0.0,0.0,0.0,0.0
2025-03-10 16:09:26,loadgenerator,frontend,http,500,0.0,-,destination,node2,3251.0,3713750.0,422206.0,error,0.0,0.0,0.0,0.0
2025-03-10 16:09:27,loadgenerator,frontend,http,500,0.0,-,destination,node2,3251.0,3713750.0,422206.0,error,0.0,0.0,0.0,0.0
2025-03-10 16:09:28,loadgenerator,frontend,http,500,0.0,-,destination,node2,3251.0,3713750.0,422206.0,error,0.0,0.0,0.0,0.0
2025-03-10 16:09:29,loadgenerator,frontend,http,500,0.0,-,destination,node2,3251.0,3713750.0,422206.0,error,0.0,0.0,0.0,0.0
2025-03-10 16:09:30,loadgenerator,frontend,http,500,0.0,-,destination,node2,3251.0,3713750.0,422206.0,error,0.0,0.0,0.0,0.0
2025-03-10 16:09:31,loadgenerator,frontend,http,500,0.0,-,destination,node2,3251.0,3713750.0,422206.0,error,0.0,0.0,0.0,0.0
2025-03-10 16:09:32,loadgenerator,frontend,http,500,0.0,-,destination,node2,3251.0,3713750.0,422206.0,error,0.0,0.0,0.0,0.0
2025-03-10 16:09:33,loadgenerator,frontend,http,500,0.0,-,destination,node2,3251.0,3713750.0,422206.0,error,0.0,0.0,0.0,0.0
2025-03-10 16:09:34,loadgenerator,frontend,http,500,0.0,-,destination,node2,3251.0,3713750.0,422206.0,error,0.0,0.0,0.0,0.0
2025-03-10 16:09:35,loadgenerator,frontend,http,500,0.0,-,destination,node2,3251.0,3713750.0,422206.0,error,0.0,0.0,0.0,0.0
2025-03-10 16:09:36,loadgenerator,frontend,http,500,0.0,-,destination,node2,3251.0,3713750.0,422206.0,error,0.0,0.0,0.0,0.0
2025-03-10 16:09:37,loadgenerator,frontend,http,500,0.0,-,destination,node2,3251.0,3713750.0,422206.0,error,0.0,0.0,0.0,0.0
2025-03-10 16:09:38,loadgenerator,frontend,http,500,0.0,-,destination,node2,3251.0,3713750.0,422206.0,error,0.0,0.0,0.0,0.0
2025-03-10 16:09:39,loadgenerator,frontend,http,500,0.0,-,destination,node2,3251.0,3713750.0,422206.0,error,0.0,0.0,0.0,0.0
2025-03-10 16:09:40,loadgenerator,frontend,http,500,0.0,-,destination,node2,3251.0,3713750.0,422206.0,error,0.0,0.0,0.0,0.0
2025-03-10 16:09:41,loadgenerator,frontend,http,500,0.0,-,destination,node2,3251.0,3713750.0,422206.0,error,0.0,0.0,0.0,0.0
2025-03-10 16:09:42,loadgenerator,frontend,http,500,0.0,-,destination,node2,3251.0,3713750.0,422206.0,error,0.0,0.0,0.0,0.0
2025-03-10 16:09:43,loadgenerator,frontend,http,500,0.0,-,destination,node2,3251.0,3713750.0,422206.0,error,0.0,0.0,0.0,0.0
2025-03-10 16:09:44,loadgenerator,frontend,http,500,0.0,-,destination,node2,3251.0,3713750.0,422206.0,error,0.0,0.0,0.0,0.0
2025-03-10 16:09:45,loadgenerator,frontend,http,500,0.0,-,destination,node2,3251.0,3713750.0,422206.0,error,0.0,0.0,0.0,0.0
2025-03-10 16:09:46,loadgenerator,frontend,http,500,0.0,-,destination,node2,3251.0,3713750.0,422206.0,error,0.0,0.0,0.0,0.0
2025-03-10 16:09:47,loadgenerator,frontend,http,500,0.0,-,destination,node2,3251.0,3713750.0,422206.0,error,0.0,0.0,0.0,0.0
2025-03-10 16:09:48,loadgenerator,frontend,http,500,0.0,-,destination,node2,3251.0,3713750.0,422206.0,error,0.0,0.0,0.0,0.0
2025-03-10 16:09:49,loadgenerator,frontend,http,500,0.0,-,destination,node2,3251.0,3713750.0,422206.0,error,0.0,0.0,0.0,0.0
2025-03-10 16:09:50,loadgenerator,frontend,http,500,0.0,-,destination,node2,3251.0,3713750.0,422206.0,error,0.0,0.0,0.0,0.0
2025-03-10 16:09:51,loadgenerator,frontend,http,500,0.0,-,destination,node2,3251.0,3713750.0,422206.0,error,0.0,0.0,0.0,0.0
2025-03-10 16:09:52,loadgenerator,frontend,http,500,0.0,-,destination,node2,3251.0,3713750.0,422206.0,error,0.0,0.0,0.0,0.0
2025-03-10 16:09:53,loadgenerator,frontend,http,500,0.0,-,destination,node2,3251.0,3713750.0,422206.0,error,0.0,0.0,0.0,0.0
2025-03-10 16:09:54,loadgenerator,frontend,http,500,0.0,-,destination,node2,3251.0,3713750.0,422206.0,error,0.0,0.0,0.0,0.0
2025-03-10 16:09:55,loadgenerator,frontend,http,500,0.0,-,destination,node2,3251.0,3713750.0,422206.0,error,0.0,0.0,0.0,0.0
2025-03-10 16:09:56,loadgenerator,frontend,http,500,0.0,-,destination,node2,3251.0,3713750.0,422206.0,error,0.0,0.0,0.0,0.0
2025-03-10 16:09:57,loadgenerator,frontend,http,500,0.0,-,destination,node2,3251.0,3713750.0,422206.0,error,0.0,0.0,0.0,0.0
2025-03-10 16:09:58,loadgenerator,frontend,http,500,0.0,-,destination,node2,3251.0,3713750.0,422206.0,error,0.0,0.0,0.0,0.0
2025-03-10 16:09:59,loadgenerator,frontend,http,500,0.0,-,destination,node2,3251.0,3713750.0,422206.0,error,0.0,0.0,0.0,0.0
2025-03-10 16:10:00,loadgenerator,frontend,http,500,0.0,-,destination,node2,3251.0,3713750.0,422206.0,error,0.0,0.0,0.0,0.0
2025-03-10 16:10:01,loadgenerator,frontend,http,500,0.0,-,destination,node2,3251.0,3713750.0,422206.0,error,0.0,0.0,0.0,0.0
2025-03-10 16:10:02,loadgenerator,frontend,http,500,0.0,-,destination,node2,3251.0,3713750.0,422206.0,error,0.0,0.0,0.0,0.0
2025-03-10 16:10:03,loadgenerator,frontend,http,500,0.0,-,destination,node2,3251.0,3713750.0,422206.0,error,0.0,0.0,0.0,0.0
2025-03-10 16:10:04,loadgenerator,frontend,http,500,0.0,-,destination,node2,3251.0,3713750.0,422206.0,error,0.0,0.0,0.0,0.0
2025-03-10 16:10:05,loadgenerator,frontend,http,500,0.0,-,destination,node2,3251.0,3713750.0,422206.0,error,0.0,0.0,0.0,0.0
2025-03-10 16:10:06,loadgenerator,frontend,http,500,0.0,-,destination,node2,3251.0,3713750.0,422206.0,error,0.0,0.0,0.0,0.0
2025-03-10 16:10:07,loadgenerator,frontend,http,500,0.0,-,destination,node2,3251.0,3713750.0,422206.0,error,0.0,0.0,0.0,0.0
2025-03-10 16:10:08,loadgenerator,frontend,http,500,0.0,-,destination,node2,3251.0,3713750.0,422206.0,error,0.0,0.0,0.0,0.0
2025-03-10 16:10:09,loadgenerator,frontend,http,500,0.0,-,destination,node2,3251.0,3713750.0,422206.0,error,0.0,0.0,0.0,0.0
2025-03-10 16:10:10,loadgenerator,frontend,http,500,0.0,-,destination,node2,3251.0,3713750.0,422206.0,error,0.0,0.0,0.0,0.0
2025-03-10 16:10:11,loadgenerator,frontend,http,500,0.0,-,destination,node2,3251.0,3713750.0,422206.0,error,0.0,0.0,0.0,0.0
2025-03-10 16:10:12,loadgenerator,frontend,http,500,0.0,-,destination,node2,3251.0,3713750.0,422206.0,error,0.0,0.0,0.0,0.0
2025-03-10 16:10:13,loadgenerator,frontend,http,500,0.0,-,destination,node2,3251.0,3713750.0,422206.0,error,0.0,0.0,0.0,0.0
2025-03-10 16:10:14,loadgenerator,frontend,http,500,0.0,-,destination,node2,3251.0,3713750.0,422206.0,error,0.0,0.0,0.0,0.0
2025-03-10 16:10:15,loadgenerator,frontend,http,500,0.0,-,destination,node2,3251.0,3713750.0,422206.0,error,0.0,0.0,0.0,0.0
2025-03-10 16:10:16,loadgenerator,frontend,http,500,0.0,-,destination,node2,3251.0,3713750.0,422206.0,error,0.0,0.0,0.0,0.0
2025-03-10 16:10:17,loadgenerator,frontend,http,500,0.0,-,destination,node2,3251.0,3713750.0,422206.0,error,0.0,0.0,0.0,0.0
2025-03-10 16:10:18,loadgenerator,frontend,http,500,0.0,-,destination,node2,3251.0,3713750.0,422206.0,error,0.0,0.0,0.0,0.0
2025-03-10 16:10:19,loadgenerator,frontend,http,500,0.0,-,destination,node2,3251.0,3713750.0,422206.0,error,0.0,0.0,0.0,0.0
2025-03-10 16:10:20,loadgenerator,frontend,http,500,0.0,-,destination,node2,3251.0,3713750.0,422206.0,error,0.0,0.0,0.0,0.0
2025-03-10 16:10:21,loadgenerator,frontend,http,500,0.0,-,destination,node2,3251.0,3713750.0,422206.0,error,0.0,0.0,0.0,0.0
2025-03-10 16:10:22,loadgenerator,frontend,http,500,0.0,-,destination,node2,3251.0,3713750.0,422206.0,error,0.0,0.0,0.0,0.0
2025-03-10 16:10:23,loadgenerator,frontend,http,500,0.0,-,destination,node2,3251.0,3713750.0,422206.0,error,0.0,0.0,0.0,0.0
2025-03-10 16:10:24,loadgenerator,frontend,http,500,0.0,-,destination,node2,3251.0,3713750.0,422206.0,error,0.0,0.0,0.0,0.0
2025-03-10 16:10:25,loadgenerator,frontend,http,500,0.0,-,destination,node2,3251.0,3713750.0,422206.0,error,0.0,0.0,0.0,0.0
2025-03-10 16:10:26,loadgenerator,frontend,http,500,0.0,-,destination,node2,3251.0,3713750.0,422206.0,error,0.0,0.0,0.0,0.0
2025-03-10 16:10:27,loadgenerator,frontend,http,500,0.0,-,destination,node2,3251.0,3713750.0,422206.0,error,0.0,0.0,0.0,0.0
2025-03-10 16:10:28,loadgenerator,frontend,http,500,0.0,-,destination,node2,3251.0,3713750.0,422206.0,error,0.0,0.0,0.0,0.0
2025-03-10 16:10:29,loadgenerator,frontend,http,500,0.0,-,destination,node2,3251.0,3713750.0,422206.0,error,0.0,0.0,0.0,0.0
2025-03-10 16:10:30,loadgenerator,frontend,http,500,0.0,-,destination,node2,3251.0,3713750.0,422206.0,error,0.0,0.0,0.0,0.0
2025-03-10 16:10:31,loadgenerator,frontend,http,500,0.0,-,destination,node2,3251.0,3713750.0,422206.0,error,0.0,0.0,0.0,0.0
2025-03-10 16:10:32,loadgenerator,frontend,http,500,0.0,-,destination,node2,3251.0,3713750.0,422206.0,error,0.0,0.0,0.0,0.0
2025-03-10 16:10:33,loadgenerator,frontend,http,500,0.0,-,destination,node2,3251.0,3713750.0,422206.0,error,0.0,0.0,0.0,0.0
2025-03-10 16:10:34,loadgenerator,frontend,http,500,0.0,-,destination,node2,3251.0,3713750.0,422206.0,error,0.0,0.0,0.0,0.0
2025-03-10 16:10:35,loadgenerator,frontend,http,500,0.0,-,destination,node2,3251.0,3713750.0,422206.0,error,0.0,0.0,0.0,0.0
2025-03-10 16:10:36,loadgenerator,frontend,http,500,0.0,-,destination,node2,3251.0,3713750.0,422206.0,error,0.0,0.0,0.0,0.0
2025-03-10 16:10:37,loadgenerator,frontend,http,500,0.0,-,destination,node2,3251.0,3713750.0,422206.0,error,0.0,0.0,0.0,0.0
2025-03-10 16:10:38,loadgenerator,frontend,http,500,0.0,-,destination,node2,3251.0,3713750.0,422206.0,error,0.0,0.0,0.0,0.0
2025-03-10 16:10:39,loadgenerator,frontend,http,500,0.0,-,destination,node2,3251.0,3713750.0,422206.0,error,0.0,0.0,0.0,0.0
2025-03-10 16:10:40,loadgenerator,frontend,http,500,0.0,-,destination,node2,3251.0,3713750.0,422206.0,error,0.0,0.0,0.0,0.0
2025-03-10 16:10:41,loadgenerator,frontend,http,500,0.0,-,destination,node2,3251.0,3713750.0,422206.0,error,0.0,0.0,0.0,0.0
2025-03-10 16:10:42,loadgenerator,frontend,http,500,0.0,-,destination,node2,3251.0,3713750.0,422206.0,error,0.0,0.0,0.0,0.0
2025-03-10 16:10:43,loadgenerator,frontend,http,500,0.0,-,destination,node2,3251.0,3713750.0,422206.0,error,0.0,0.0,0.0,0.0
2025-03-10 16:10:44,loadgenerator,frontend,http,500,0.0,-,destination,node2,3251.0,3713750.0,422206.0,error,0.0,0.0,0.0,0.0
2025-03-10 16:10:45,loadgenerator,frontend,http,500,0.0,-,destination,node2,3251.0,3713750.0,422206.0,error,0.0,0.0,0.0,0.0
2025-03-10 16:10:46,loadgenerator,frontend,http,500,0.0,-,destination,node2,3251.0,3713750.0,422206.0,error,0.0,0.0,0.0,0.0
2025-03-10 16:10:47,loadgenerator,frontend,http,500,0.0,-,destination,node2,3251.0,3713750.0,422206.0,error,0.0,0.0,0.0,0.0
2025-03-10 16:10:48,loadgenerator,frontend,http,500,0.0,-,destination,node2,3251.0,3713750.0,422206.0,error,0.0,0.0,0.0,0.0
2025-03-10 16:10:49,loadgenerator,frontend,http,500,0.0,-,destination,node2,3251.0,3713750.0,422206.0,error,0.0,0.0,0.0,0.0
2025-03-10 16:10:50,loadgenerator,frontend,http,500,0.0,-,destination,node2,3251.0,3713750.0,422206.0,error,0.0,0.0,0.0,0.0
2025-03-10 16:10:51,loadgenerator,frontend,http,500,0.0,-,destination,node2,3251.0,3713750.0,422206.0,error,0.0,0.0,0.0,0.0
2025-03-10 16:10:52,loadgenerator,frontend,http,500,0.0,-,destination,node2,3251.0,3713750.0,422206.0,error,0.0,0.0,0.0,0.0
2025-03-10 16:10:53,loadgenerator,frontend,http,500,0.0,-,destination,node2,3251.0,3713750.0,422206.0,error,0.0,0.0,0.0,0.0
2025-03-10 16:10:54,loadgenerator,frontend,http,500,0.0,-,destination,node2,3251.0,3713750.0,422206.0,error,0.0,0.0,0.0,0.0
2025-03-10 16:10:55,loadgenerator,frontend,http,500,0.0,-,destination,node2,3251.0,3713750.0,422206.0,error,0.0,0.0,0.0,0.0
2025-03-10 16:10:56,loadgenerator,frontend,http,500,0.0,-,destination,node2,3251.0,3713750.0,422206.0,error,0.0,0.0,0.0,0.0
2025-03-10 16:10:57,loadgenerator,frontend,http,500,0.0,-,destination,node2,3251.0,3713750.0,422206.0,error,0.0,0.0,0.0,0.0
2025-03-10 16:10:58,loadgenerator,frontend,http,500,0.0,-,destination,node2,3251.0,3713750.0,422206.0,error,0.0,0.0,0.0,0.0
2025-03-10 16:10:59,loadgenerator,frontend,http,500,0.0,-,destination,node2,3251.0,3713750.0,422206.0,error,0.0,0.0,0.0,0.0
2025-03-10 16:11:00,loadgenerator,frontend,http,500,0.0,-,destination,node2,3251.0,3713750.0,422206.0,error,0.0,0.0,0.0,0.0
2025-03-10 16:11:01,loadgenerator,frontend,http,500,0.0,-,destination,node2,3251.0,3713750.0,422206.0,error,0.0,0.0,0.0,0.0
2025-03-10 16:11:02,loadgenerator,frontend,http,500,0.0,-,destination,node2,3251.0,3713750.0,422206.0,error,0.0,0.0,0.0,0.0
2025-03-10 16:11:03,loadgenerator,frontend,http,500,0.0,-,destination,node2,3251.0,3713750.0,422206.0,error,0.0,0.0,0.0,0.0
2025-03-10 16:11:04,loadgenerator,frontend,http,500,0.0,-,destination,node2,3251.0,3713750.0,422206.0,error,0.0,0.0,0.0,0.0
2025-03-10 16:11:05,loadgenerator,frontend,http,500,0.0,-,destination,node2,3251.0,3713750.0,422206.0,error,0.0,0.0,0.0,0.0
2025-03-10 16:11:06,loadgenerator,frontend,http,500,0.0,-,destination,node2,3251.0,3713750.0,422206.0,error,0.0,0.0,0.0,0.0
2025-03-10 16:11:07,loadgenerator,frontend,http,500,0.0,-,destination,node2,3251.0,3713750.0,422206.0,error,0.0,0.0,0.0,0.0
2025-03-10 16:11:08,loadgenerator,frontend,http,500,0.0,-,destination,node2,3251.0,3713750.0,422206.0,error,0.0,0.0,0.0,0.0
2025-03-10 16:11:09,loadgenerator,frontend,http,500,0.0,-,destination,node2,3251.0,3713750.0,422206.0,error,0.0,0.0,0.0,0.0
2025-03-10 16:11:10,loadgenerator,frontend,http,500,0.0,-,destination,node2,3251.0,3713750.0,422206.0,error,0.0,0.0,0.0,0.0
2025-03-10 16:11:11,loadgenerator,frontend,http,500,0.0,-,destination,node2,3251.0,3713750.0,422206.0,error,0.0,0.0,0.0,0.0
2025-03-10 16:11:12,loadgenerator,frontend,http,500,0.0,-,destination,node2,3251.0,3713750.0,422206.0,error,0.0,0.0,0.0,0.0
2025-03-10 16:11:13,loadgenerator,frontend,http,500,0.0,-,destination,node2,3251.0,3713750.0,422206.0,error,0.0,0.0,0.0,0.0
2025-03-10 16:11:14,loadgenerator,frontend,http,500,0.0,-,destination,node2,3251.0,3713750.0,422206.0,error,0.0,0.0,0.0,0.0
2025-03-10 16:11:15,loadgenerator,frontend,http,500,0.0,-,destination,node2,3251.0,3713750.0,422206.0,error,0.0,0.0,0.0,0.0
2025-03-10 16:11:16,loadgenerator,frontend,http,500,0.0,-,destination,node2,3251.0,3713750.0,422206.0,error,0.0,0.0,0.0,0.0
2025-03-10 16:11:17,loadgenerator,frontend,http,500,0.0,-,destination,node2,3251.0,3713750.0,422206.0,error,0.0,0.0,0.0,0.0
2025-03-10 16:11:18,loadgenerator,frontend,http,500,0.0,-,destination,node2,3251.0,3713750.0,422206.0,error,0.0,0.0,0.0,0.0
2025-03-10 16:11:19,loadgenerator,frontend,http,500,0.0,-,destination,node2,3251.0,3713750.0,422206.0,error,0.0,0.0,0.0,0.0
2025-03-10 16:11:20,loadgenerator,frontend,http,500,0.0,-,destination,node2,3251.0,3713750.0,422206.0,error,0.0,0.0,0.0,0.0
2025-03-10 16:11:21,loadgenerator,frontend,http,500,0.0,-,destination,node2,3251.0,3713750.0,422206.0,error,0.0,0.0,0.0,0.0
2025-03-10 16:11:22,loadgenerator,frontend,http,500,0.0,-,destination,node2,3251.0,3713750.0,422206.0,error,0.0,0.0,0.0,0.0
2025-03-10 16:11:23,loadgenerator,frontend,http,500,0.0,-,destination,node2,3251.0,3713750.0,422206.0,error,0.0,0.0,0.0,0.0
2025-03-10 16:11:24,loadgenerator,frontend,http,500,0.0,-,destination,node2,3251.0,3713750.0,422206.0,error,0.0,0.0,0.0,0.0
2025-03-10 16:11:25,loadgenerator,frontend,http,500,0.0,-,destination,node2,3251.0,3713750.0,422206.0,error,0.0,0.0,0.0,0.0
2025-03-10 16:11:26,loadgenerator,frontend,http,500,0.0,-,destination,node2,3252.0,3715100.0,422691.0,error,1.0,1350.0,485.0,485.0
2025-03-10 16:11:27,loadgenerator,frontend,http,500,0.0,-,destination,node2,3252.0,3715100.0,422691.0,error,0.0,0.0,0.0,0.0
2025-03-10 16:11:28,loadgenerator,frontend,http,500,0.0,-,destination,node2,3252.0,3715100.0,422691.0,error,0.0,0.0,0.0,0.0
2025-03-10 16:11:29,loadgenerator,frontend,http,500,0.0,-,destination,node2,3252.0,3715100.0,422691.0,error,0.0,0.0,0.0,0.0
2025-03-10 16:11:30,loadgenerator,frontend,http,500,0.0,-,destination,node2,3252.0,3715100.0,422691.0,error,0.0,0.0,0.0,0.0
2025-03-10 16:11:31,loadgenerator,frontend,http,500,0.0,-,destination,node2,3252.0,3715100.0,422691.0,error,0.0,0.0,0.0,0.0
2025-03-10 16:11:32,loadgenerator,frontend,http,500,0.0,-,destination,node2,3252.0,3715100.0,422691.0,error,0.0,0.0,0.0,0.0
2025-03-10 16:11:33,loadgenerator,frontend,http,500,0.0,-,destination,node2,3252.0,3715100.0,422691.0,error,0.0,0.0,0.0,0.0
2025-03-10 16:11:34,loadgenerator,frontend,http,500,0.0,-,destination,node2,3252.0,3715100.0,422691.0,error,0.0,0.0,0.0,0.0
2025-03-10 16:11:35,loadgenerator,frontend,http,500,0.0,-,destination,node2,3252.0,3715100.0,422691.0,error,0.0,0.0,0.0,0.0
2025-03-10 16:11:36,loadgenerator,frontend,http,500,0.0,-,destination,node2,3252.0,3715100.0,422691.0,error,0.0,0.0,0.0,0.0
2025-03-10 16:11:37,loadgenerator,frontend,http,500,0.0,-,destination,node2,3252.0,3715100.0,422691.0,error,0.0,0.0,0.0,0.0
2025-03-10 16:11:38,loadgenerator,frontend,http,500,0.0,-,destination,node2,3252.0,3715100.0,422691.0,error,0.0,0.0,0.0,0.0
2025-03-10 16:11:39,loadgenerator,frontend,http,500,0.0,-,destination,node2,3252.0,3715100.0,422691.0,error,0.0,0.0,0.0,0.0
2025-03-10 16:11:40,loadgenerator,frontend,http,500,0.0,-,destination,node2,3252.0,3715100.0,422691.0,error,0.0,0.0,0.0,0.0
2025-03-10 16:11:41,loadgenerator,frontend,http,500,0.0,-,destination,node2,3254.0,3717800.0,423381.0,error,2.0,2700.0,690.0,345.0
2025-03-10 16:11:42,loadgenerator,frontend,http,500,0.0,-,destination,node2,3254.0,3717800.0,423381.0,error,0.0,0.0,0.0,0.0
2025-03-10 16:11:43,loadgenerator,frontend,http,500,0.0,-,destination,node2,3254.0,3717800.0,423381.0,error,0.0,0.0,0.0,0.0
2025-03-10 16:11:44,loadgenerator,frontend,http,500,0.0,-,destination,node2,3254.0,3717800.0,423381.0,error,0.0,0.0,0.0,0.0
2025-03-10 16:11:45,loadgenerator,frontend,http,500,0.0,-,destination,node2,3254.0,3717800.0,423381.0,error,0.0,0.0,0.0,0.0
2025-03-10 16:11:46,loadgenerator,frontend,http,500,0.0,-,destination,node2,3254.0,3717800.0,423381.0,error,0.0,0.0,0.0,0.0
2025-03-10 16:11:47,loadgenerator,frontend,http,500,0.0,-,destination,node2,3254.0,3717800.0,423381.0,error,0.0,0.0,0.0,0.0
2025-03-10 16:11:48,loadgenerator,frontend,http,500,0.0,-,destination,node2,3254.0,3717800.0,423381.0,error,0.0,0.0,0.0,0.0
2025-03-10 16:11:49,loadgenerator,frontend,http,500,0.0,-,destination,node2,3254.0,3717800.0,423381.0,error,0.0,0.0,0.0,0.0
2025-03-10 16:11:50,loadgenerator,frontend,http,500,0.0,-,destination,node2,3254.0,3717800.0,423381.0,error,0.0,0.0,0.0,0.0
2025-03-10 16:11:51,loadgenerator,frontend,http,500,0.0,-,destination,node2,3254.0,3717800.0,423381.0,error,0.0,0.0,0.0,0.0
2025-03-10 16:11:52,loadgenerator,frontend,http,500,0.0,-,destination,node2,3254.0,3717800.0,423381.0,error,0.0,0.0,0.0,0.0
2025-03-10 16:11:53,loadgenerator,frontend,http,500,0.0,-,destination,node2,3254.0,3717800.0,423381.0,error,0.0,0.0,0.0,0.0
2025-03-10 16:11:54,loadgenerator,frontend,http,500,0.0,-,destination,node2,3254.0,3717800.0,423381.0,error,0.0,0.0,0.0,0.0
2025-03-10 16:11:55,loadgenerator,frontend,http,500,0.0,-,destination,node2,3254.0,3717800.0,423381.0,error,0.0,0.0,0.0,0.0
2025-03-10 16:11:56,loadgenerator,frontend,http,500,0.0,-,destination,node2,3254.0,3717800.0,423381.0,error,0.0,0.0,0.0,0.0
2025-03-10 16:11:57,loadgenerator,frontend,http,500,0.0,-,destination,node2,3254.0,3717800.0,423381.0,error,0.0,0.0,0.0,0.0
2025-03-10 16:11:58,loadgenerator,frontend,http,500,0.0,-,destination,node2,3254.0,3717800.0,423381.0,error,0.0,0.0,0.0,0.0
2025-03-10 16:11:59,loadgenerator,frontend,http,500,0.0,-,destination,node2,3254.0,3717800.0,423381.0,error,0.0,0.0,0.0,0.0
2025-03-10 16:12:00,loadgenerator,frontend,http,500,0.0,-,destination,node2,3254.0,3717800.0,423381.0,error,0.0,0.0,0.0,0.0
2025-03-10 16:12:01,loadgenerator,frontend,http,500,0.0,-,destination,node2,3254.0,3717800.0,423381.0,error,0.0,0.0,0.0,0.0
2025-03-10 16:12:02,loadgenerator,frontend,http,500,0.0,-,destination,node2,3254.0,3717800.0,423381.0,error,0.0,0.0,0.0,0.0
2025-03-10 16:12:03,loadgenerator,frontend,http,500,0.0,-,destination,node2,3254.0,3717800.0,423381.0,error,0.0,0.0,0.0,0.0
2025-03-10 16:12:04,loadgenerator,frontend,http,500,0.0,-,destination,node2,3254.0,3717800.0,423381.0,error,0.0,0.0,0.0,0.0
2025-03-10 16:12:05,loadgenerator,frontend,http,500,0.0,-,destination,node2,3254.0,3717800.0,423381.0,error,0.0,0.0,0.0,0.0
2025-03-10 16:12:06,loadgenerator,frontend,http,500,0.0,-,destination,node2,3254.0,3717800.0,423381.0,error,0.0,0.0,0.0,0.0
2025-03-10 16:12:07,loadgenerator,frontend,http,500,0.0,-,destination,node2,3254.0,3717800.0,423381.0,error,0.0,0.0,0.0,0.0
2025-03-10 16:12:08,loadgenerator,frontend,http,500,0.0,-,destination,node2,3254.0,3717800.0,423381.0,error,0.0,0.0,0.0,0.0
2025-03-10 16:12:09,loadgenerator,frontend,http,500,0.0,-,destination,node2,3254.0,3717800.0,423381.0,error,0.0,0.0,0.0,0.0
2025-03-10 16:12:10,loadgenerator,frontend,http,500,0.0,-,destination,node2,3254.0,3717800.0,423381.0,error,0.0,0.0,0.0,0.0
2025-03-10 16:12:11,loadgenerator,frontend,http,500,0.0,-,destination,node2,3254.0,3717800.0,423381.0,error,0.0,0.0,0.0,0.0
2025-03-10 16:12:12,loadgenerator,frontend,http,500,0.0,-,destination,node2,3254.0,3717800.0,423381.0,error,0.0,0.0,0.0,0.0
2025-03-10 16:12:13,loadgenerator,frontend,http,500,0.0,-,destination,node2,3254.0,3717800.0,423381.0,error,0.0,0.0,0.0,0.0
2025-03-10 16:12:14,loadgenerator,frontend,http,500,0.0,-,destination,node2,3254.0,3717800.0,423381.0,error,0.0,0.0,0.0,0.0
2025-03-10 16:12:15,loadgenerator,frontend,http,500,0.0,-,destination,node2,3254.0,3717800.0,423381.0,error,0.0,0.0,0.0,0.0
2025-03-10 16:12:16,loadgenerator,frontend,http,500,0.0,-,destination,node2,3254.0,3717800.0,423381.0,error,0.0,0.0,0.0,0.0
2025-03-10 16:12:17,loadgenerator,frontend,http,500,0.0,-,destination,node2,3254.0,3717800.0,423381.0,error,0.0,0.0,0.0,0.0
2025-03-10 16:12:18,loadgenerator,frontend,http,500,0.0,-,destination,node2,3254.0,3717800.0,423381.0,error,0.0,0.0,0.0,0.0
2025-03-10 16:12:19,loadgenerator,frontend,http,500,0.0,-,destination,node2,3254.0,3717800.0,423381.0,error,0.0,0.0,0.0,0.0
2025-03-10 16:12:20,loadgenerator,frontend,http,500,0.0,-,destination,node2,3254.0,3717800.0,423381.0,error,0.0,0.0,0.0,0.0
2025-03-10 16:12:21,loadgenerator,frontend,http,500,0.0,-,destination,node2,3254.0,3717800.0,423381.0,error,0.0,0.0,0.0,0.0
2025-03-10 16:12:22,loadgenerator,frontend,http,500,0.0,-,destination,node2,3254.0,3717800.0,423381.0,error,0.0,0.0,0.0,0.0
2025-03-10 16:12:23,loadgenerator,frontend,http,500,0.0,-,destination,node2,3254.0,3717800.0,423381.0,error,0.0,0.0,0.0,0.0
2025-03-10 16:12:24,loadgenerator,frontend,http,500,0.0,-,destination,node2,3254.0,3717800.0,423381.0,error,0.0,0.0,0.0,0.0
2025-03-10 16:12:25,loadgenerator,frontend,http,500,0.0,-,destination,node2,3254.0,3717800.0,423381.0,error,0.0,0.0,0.0,0.0
2025-03-10 16:12:26,loadgenerator,frontend,http,500,0.0,-,destination,node2,3254.0,3717800.0,423381.0,error,0.0,0.0,0.0,0.0
2025-03-10 16:12:27,loadgenerator,frontend,http,500,0.0,-,destination,node2,3254.0,3717800.0,423381.0,error,0.0,0.0,0.0,0.0
2025-03-10 16:12:28,loadgenerator,frontend,http,500,0.0,-,destination,node2,3254.0,3717800.0,423381.0,error,0.0,0.0,0.0,0.0
2025-03-10 16:12:29,loadgenerator,frontend,http,500,0.0,-,destination,node2,3254.0,3717800.0,423381.0,error,0.0,0.0,0.0,0.0
2025-03-10 16:12:30,loadgenerator,frontend,http,500,0.0,-,destination,node2,3254.0,3717800.0,423381.0,error,0.0,0.0,0.0,0.0
2025-03-10 16:12:31,loadgenerator,frontend,http,500,0.0,-,destination,node2,3254.0,3717800.0,423381.0,error,0.0,0.0,0.0,0.0
2025-03-10 16:12:32,loadgenerator,frontend,http,500,0.0,-,destination,node2,3254.0,3717800.0,423381.0,error,0.0,0.0,0.0,0.0
2025-03-10 16:12:33,loadgenerator,frontend,http,500,0.0,-,destination,node2,3254.0,3717800.0,423381.0,error,0.0,0.0,0.0,0.0
2025-03-10 16:12:34,loadgenerator,frontend,http,500,0.0,-,destination,node2,3254.0,3717800.0,423381.0,error,0.0,0.0,0.0,0.0
2025-03-10 16:12:35,loadgenerator,frontend,http,500,0.0,-,destination,node2,3254.0,3717800.0,423381.0,error,0.0,0.0,0.0,0.0
2025-03-10 16:12:36,loadgenerator,frontend,http,500,0.0,-,destination,node2,3254.0,3717800.0,423381.0,error,0.0,0.0,0.0,0.0
2025-03-10 16:12:37,loadgenerator,frontend,http,500,0.0,-,destination,node2,3254.0,3717800.0,423381.0,error,0.0,0.0,0.0,0.0
2025-03-10 16:12:38,loadgenerator,frontend,http,500,0.0,-,destination,node2,3254.0,3717800.0,423381.0,error,0.0,0.0,0.0,0.0
2025-03-10 16:12:39,loadgenerator,frontend,http,500,0.0,-,destination,node2,3254.0,3717800.0,423381.0,error,0.0,0.0,0.0,0.0
2025-03-10 16:12:40,loadgenerator,frontend,http,500,0.0,-,destination,node2,3254.0,3717800.0,423381.0,error,0.0,0.0,0.0,0.0
2025-03-10 16:12:41,loadgenerator,frontend,http,500,0.0,-,destination,node2,3254.0,3717800.0,423381.0,error,0.0,0.0,0.0,0.0
2025-03-10 16:12:42,loadgenerator,frontend,http,500,0.0,-,destination,node2,3254.0,3717800.0,423381.0,error,0.0,0.0,0.0,0.0
2025-03-10 16:12:43,loadgenerator,frontend,http,500,0.0,-,destination,node2,3254.0,3717800.0,423381.0,error,0.0,0.0,0.0,0.0
2025-03-10 16:12:44,loadgenerator,frontend,http,500,0.0,-,destination,node2,3254.0,3717800.0,423381.0,error,0.0,0.0,0.0,0.0
2025-03-10 16:12:45,loadgenerator,frontend,http,500,0.0,-,destination,node2,3254.0,3717800.0,423381.0,error,0.0,0.0,0.0,0.0
2025-03-10 16:12:46,loadgenerator,frontend,http,500,0.0,-,destination,node2,3254.0,3717800.0,423381.0,error,0.0,0.0,0.0,0.0
2025-03-10 16:12:47,loadgenerator,frontend,http,500,0.0,-,destination,node2,3254.0,3717800.0,423381.0,error,0.0,0.0,0.0,0.0
2025-03-10 16:12:48,loadgenerator,frontend,http,500,0.0,-,destination,node2,3254.0,3717800.0,423381.0,error,0.0,0.0,0.0,0.0
2025-03-10 16:12:49,loadgenerator,frontend,http,500,0.0,-,destination,node2,3254.0,3717800.0,423381.0,error,0.0,0.0,0.0,0.0
2025-03-10 16:12:50,loadgenerator,frontend,http,500,0.0,-,destination,node2,3254.0,3717800.0,423381.0,error,0.0,0.0,0.0,0.0
2025-03-10 16:12:51,loadgenerator,frontend,http,500,0.0,-,destination,node2,3254.0,3717800.0,423381.0,error,0.0,0.0,0.0,0.0
2025-03-10 16:12:52,loadgenerator,frontend,http,500,0.0,-,destination,node2,3254.0,3717800.0,423381.0,error,0.0,0.0,0.0,0.0
2025-03-10 16:12:53,loadgenerator,frontend,http,500,0.0,-,destination,node2,3254.0,3717800.0,423381.0,error,0.0,0.0,0.0,0.0
2025-03-10 16:12:54,loadgenerator,frontend,http,500,0.0,-,destination,node2,3254.0,3717800.0,423381.0,error,0.0,0.0,0.0,0.0
2025-03-10 16:12:55,loadgenerator,frontend,http,500,0.0,-,destination,node2,3254.0,3717800.0,423381.0,error,0.0,0.0,0.0,0.0
2025-03-10 16:12:56,loadgenerator,frontend,http,500,0.0,-,destination,node2,3254.0,3717800.0,423381.0,error,0.0,0.0,0.0,0.0
2025-03-10 16:12:57,loadgenerator,frontend,http,500,0.0,-,destination,node2,3254.0,3717800.0,423381.0,error,0.0,0.0,0.0,0.0
2025-03-10 16:12:58,loadgenerator,frontend,http,500,0.0,-,destination,node2,3254.0,3717800.0,423381.0,error,0.0,0.0,0.0,0.0
2025-03-10 16:12:59,loadgenerator,frontend,http,500,0.0,-,destination,node2,3254.0,3717800.0,423381.0,error,0.0,0.0,0.0,0.0
2025-03-10 16:13:00,loadgenerator,frontend,http,500,0.0,-,destination,node2,3254.0,3717800.0,423381.0,error,0.0,0.0,0.0,0.0
2025-03-10 16:13:01,loadgenerator,frontend,http,500,0.0,-,destination,node2,3254.0,3717800.0,423381.0,error,0.0,0.0,0.0,0.0
2025-03-10 16:13:02,loadgenerator,frontend,http,500,0.0,-,destination,node2,3254.0,3717800.0,423381.0,error,0.0,0.0,0.0,0.0
2025-03-10 16:13:03,loadgenerator,frontend,http,500,0.0,-,destination,node2,3254.0,3717800.0,423381.0,error,0.0,0.0,0.0,0.0
2025-03-10 16:13:04,loadgenerator,frontend,http,500,0.0,-,destination,node2,3254.0,3717800.0,423381.0,error,0.0,0.0,0.0,0.0
2025-03-10 16:13:05,loadgenerator,frontend,http,500,0.0,-,destination,node2,3254.0,3717800.0,423381.0,error,0.0,0.0,0.0,0.0
2025-03-10 16:13:06,loadgenerator,frontend,http,500,0.0,-,destination,node2,3254.0,3717800.0,423381.0,error,0.0,0.0,0.0,0.0
2025-03-10 16:13:07,loadgenerator,frontend,http,500,0.0,-,destination,node2,3254.0,3717800.0,423381.0,error,0.0,0.0,0.0,0.0
2025-03-10 16:13:08,loadgenerator,frontend,http,500,0.0,-,destination,node2,3254.0,3717800.0,423381.0,error,0.0,0.0,0.0,0.0
2025-03-10 16:13:09,loadgenerator,frontend,http,500,0.0,-,destination,node2,3254.0,3717800.0,423381.0,error,0.0,0.0,0.0,0.0
2025-03-10 16:13:10,loadgenerator,frontend,http,500,0.0,-,destination,node2,3254.0,3717800.0,423381.0,error,0.0,0.0,0.0,0.0
2025-03-10 16:13:11,loadgenerator,frontend,http,500,0.0,-,destination,node2,3254.0,3717800.0,423381.0,error,0.0,0.0,0.0,0.0
2025-03-10 16:13:12,loadgenerator,frontend,http,500,0.0,-,destination,node2,3254.0,3717800.0,423381.0,error,0.0,0.0,0.0,0.0
2025-03-10 16:13:13,loadgenerator,frontend,http,500,0.0,-,destination,node2,3254.0,3717800.0,423381.0,error,0.0,0.0,0.0,0.0
2025-03-10 16:13:14,loadgenerator,frontend,http,500,0.0,-,destination,node2,3254.0,3717800.0,423381.0,error,0.0,0.0,0.0,0.0
2025-03-10 16:13:15,loadgenerator,frontend,http,500,0.0,-,destination,node2,3254.0,3717800.0,423381.0,error,0.0,0.0,0.0,0.0
2025-03-10 16:13:16,loadgenerator,frontend,http,500,0.0,-,destination,node2,3254.0,3717800.0,423381.0,error,0.0,0.0,0.0,0.0
2025-03-10 16:13:17,loadgenerator,frontend,http,500,0.0,-,destination,node2,3254.0,3717800.0,423381.0,error,0.0,0.0,0.0,0.0
2025-03-10 16:13:18,loadgenerator,frontend,http,500,0.0,-,destination,node2,3254.0,3717800.0,423381.0,error,0.0,0.0,0.0,0.0
2025-03-10 16:13:19,loadgenerator,frontend,http,500,0.0,-,destination,node2,3254.0,3717800.0,423381.0,error,0.0,0.0,0.0,0.0
2025-03-10 16:13:20,loadgenerator,frontend,http,500,0.0,-,destination,node2,3254.0,3717800.0,423381.0,error,0.0,0.0,0.0,0.0
2025-03-10 16:13:21,loadgenerator,frontend,http,500,0.0,-,destination,node2,3254.0,3717800.0,423381.0,error,0.0,0.0,0.0,0.0
2025-03-10 16:13:22,loadgenerator,frontend,http,500,0.0,-,destination,node2,3254.0,3717800.0,423381.0,error,0.0,0.0,0.0,0.0
2025-03-10 16:13:23,loadgenerator,frontend,http,500,0.0,-,destination,node2,3254.0,3717800.0,423381.0,error,0.0,0.0,0.0,0.0
2025-03-10 16:13:24,loadgenerator,frontend,http,500,0.0,-,destination,node2,3254.0,3717800.0,423381.0,error,0.0,0.0,0.0,0.0
2025-03-10 16:13:25,loadgenerator,frontend,http,500,0.0,-,destination,node2,3254.0,3717800.0,423381.0,error,0.0,0.0,0.0,0.0
2025-03-10 16:13:26,loadgenerator,frontend,http,500,0.0,-,destination,node2,3254.0,3717800.0,423381.0,error,0.0,0.0,0.0,0.0
2025-03-10 16:13:27,loadgenerator,frontend,http,500,0.0,-,destination,node2,3254.0,3717800.0,423381.0,error,0.0,0.0,0.0,0.0
2025-03-10 16:13:28,loadgenerator,frontend,http,500,0.0,-,destination,node2,3254.0,3717800.0,423381.0,error,0.0,0.0,0.0,0.0
2025-03-10 16:13:29,loadgenerator,frontend,http,500,0.0,-,destination,node2,3254.0,3717800.0,423381.0,error,0.0,0.0,0.0,0.0
2025-03-10 16:13:30,loadgenerator,frontend,http,500,0.0,-,destination,node2,3254.0,3717800.0,423381.0,error,0.0,0.0,0.0,0.0
2025-03-10 16:13:31,loadgenerator,frontend,http,500,0.0,-,destination,node2,3254.0,3717800.0,423381.0,error,0.0,0.0,0.0,0.0
2025-03-10 16:13:32,loadgenerator,frontend,http,500,0.0,-,destination,node2,3254.0,3717800.0,423381.0,error,0.0,0.0,0.0,0.0
2025-03-10 16:13:33,loadgenerator,frontend,http,500,0.0,-,destination,node2,3254.0,3717800.0,423381.0,error,0.0,0.0,0.0,0.0
2025-03-10 16:13:34,loadgenerator,frontend,http,500,0.0,-,destination,node2,3254.0,3717800.0,423381.0,error,0.0,0.0,0.0,0.0
2025-03-10 16:13:35,loadgenerator,frontend,http,500,0.0,-,destination,node2,3254.0,3717800.0,423381.0,error,0.0,0.0,0.0,0.0
2025-03-10 16:13:36,loadgenerator,frontend,http,500,0.0,-,destination,node2,3254.0,3717800.0,423381.0,error,0.0,0.0,0.0,0.0
2025-03-10 16:13:37,loadgenerator,frontend,http,500,0.0,-,destination,node2,3254.0,3717800.0,423381.0,error,0.0,0.0,0.0,0.0
2025-03-10 16:13:38,loadgenerator,frontend,http,500,0.0,-,destination,node2,3254.0,3717800.0,423381.0,error,0.0,0.0,0.0,0.0
2025-03-10 16:13:39,loadgenerator,frontend,http,500,0.0,-,destination,node2,3254.0,3717800.0,423381.0,error,0.0,0.0,0.0,0.0
2025-03-10 16:13:40,loadgenerator,frontend,http,500,0.0,-,destination,node2,3254.0,3717800.0,423381.0,error,0.0,0.0,0.0,0.0
2025-03-10 16:13:41,loadgenerator,frontend,http,500,0.0,-,destination,node2,3254.0,3717800.0,423381.0,error,0.0,0.0,0.0,0.0
2025-03-10 16:13:42,loadgenerator,frontend,http,500,0.0,-,destination,node2,3254.0,3717800.0,423381.0,error,0.0,0.0,0.0,0.0
2025-03-10 16:13:43,loadgenerator,frontend,http,500,0.0,-,destination,node2,3254.0,3717800.0,423381.0,error,0.0,0.0,0.0,0.0
2025-03-10 16:13:44,loadgenerator,frontend,http,500,0.0,-,destination,node2,3254.0,3717800.0,423381.0,error,0.0,0.0,0.0,0.0
2025-03-10 16:13:45,loadgenerator,frontend,http,500,0.0,-,destination,node2,3254.0,3717800.0,423381.0,error,0.0,0.0,0.0,0.0
2025-03-10 16:13:46,loadgenerator,frontend,http,500,0.0,-,destination,node2,3254.0,3717800.0,423381.0,error,0.0,0.0,0.0,0.0
2025-03-10 16:13:47,loadgenerator,frontend,http,500,0.0,-,destination,node2,3254.0,3717800.0,423381.0,error,0.0,0.0,0.0,0.0
2025-03-10 16:13:48,loadgenerator,frontend,http,500,0.0,-,destination,node2,3254.0,3717800.0,423381.0,error,0.0,0.0,0.0,0.0
2025-03-10 16:13:49,loadgenerator,frontend,http,500,0.0,-,destination,node2,3254.0,3717800.0,423381.0,error,0.0,0.0,0.0,0.0
2025-03-10 16:13:50,loadgenerator,frontend,http,500,0.0,-,destination,node2,3254.0,3717800.0,423381.0,error,0.0,0.0,0.0,0.0
2025-03-10 16:13:51,loadgenerator,frontend,http,500,0.0,-,destination,node2,3254.0,3717800.0,423381.0,error,0.0,0.0,0.0,0.0
2025-03-10 16:13:52,loadgenerator,frontend,http,500,0.0,-,destination,node2,3254.0,3717800.0,423381.0,error,0.0,0.0,0.0,0.0
2025-03-10 16:13:53,loadgenerator,frontend,http,500,0.0,-,destination,node2,3254.0,3717800.0,423381.0,error,0.0,0.0,0.0,0.0
2025-03-10 16:13:54,loadgenerator,frontend,http,500,0.0,-,destination,node2,3254.0,3717800.0,423381.0,error,0.0,0.0,0.0,0.0
2025-03-10 16:13:55,loadgenerator,frontend,http,500,0.0,-,destination,node2,3254.0,3717800.0,423381.0,error,0.0,0.0,0.0,0.0
2025-03-10 16:13:56,loadgenerator,frontend,http,500,0.0,-,destination,node2,3255.0,3719150.0,423474.5,error,1.0,1350.0,93.5,93.5
2025-03-10 16:13:57,loadgenerator,frontend,http,500,0.0,-,destination,node2,3255.0,3719150.0,423474.5,error,0.0,0.0,0.0,0.0
2025-03-10 16:13:58,loadgenerator,frontend,http,500,0.0,-,destination,node2,3255.0,3719150.0,423474.5,error,0.0,0.0,0.0,0.0
2025-03-10 16:13:59,loadgenerator,frontend,http,500,0.0,-,destination,node2,3255.0,3719150.0,423474.5,error,0.0,0.0,0.0,0.0
2025-03-10 16:14:00,loadgenerator,frontend,http,500,0.0,-,destination,node2,3255.0,3719150.0,423474.5,error,0.0,0.0,0.0,0.0
2025-03-10 16:14:01,loadgenerator,frontend,http,500,0.0,-,destination,node2,3255.0,3719150.0,423474.5,error,0.0,0.0,0.0,0.0
2025-03-10 16:14:02,loadgenerator,frontend,http,500,0.0,-,destination,node2,3255.0,3719150.0,423474.5,error,0.0,0.0,0.0,0.0
2025-03-10 16:14:03,loadgenerator,frontend,http,500,0.0,-,destination,node2,3255.0,3719150.0,423474.5,error,0.0,0.0,0.0,0.0
2025-03-10 16:14:04,loadgenerator,frontend,http,500,0.0,-,destination,node2,3255.0,3719150.0,423474.5,error,0.0,0.0,0.0,0.0
2025-03-10 16:14:05,loadgenerator,frontend,http,500,0.0,-,destination,node2,3255.0,3719150.0,423474.5,error,0.0,0.0,0.0,0.0
2025-03-10 16:14:06,loadgenerator,frontend,http,500,0.0,-,destination,node2,3255.0,3719150.0,423474.5,error,0.0,0.0,0.0,0.0
2025-03-10 16:14:07,loadgenerator,frontend,http,500,0.0,-,destination,node2,3255.0,3719150.0,423474.5,error,0.0,0.0,0.0,0.0
2025-03-10 16:14:08,loadgenerator,frontend,http,500,0.0,-,destination,node2,3255.0,3719150.0,423474.5,error,0.0,0.0,0.0,0.0
2025-03-10 16:14:09,loadgenerator,frontend,http,500,0.0,-,destination,node2,3255.0,3719150.0,423474.5,error,0.0,0.0,0.0,0.0
2025-03-10 16:14:10,loadgenerator,frontend,http,500,0.0,-,destination,node2,3255.0,3719150.0,423474.5,error,0.0,0.0,0.0,0.0
2025-03-10 16:14:11,loadgenerator,frontend,http,500,0.0,-,destination,node2,3255.0,3719150.0,423474.5,error,0.0,0.0,0.0,0.0
2025-03-10 16:14:12,loadgenerator,frontend,http,500,0.0,-,destination,node2,3255.0,3719150.0,423474.5,error,0.0,0.0,0.0,0.0
2025-03-10 16:14:13,loadgenerator,frontend,http,500,0.0,-,destination,node2,3255.0,3719150.0,423474.5,error,0.0,0.0,0.0,0.0
2025-03-10 16:14:14,loadgenerator,frontend,http,500,0.0,-,destination,node2,3255.0,3719150.0,423474.5,error,0.0,0.0,0.0,0.0
2025-03-10 16:14:15,loadgenerator,frontend,http,500,0.0,-,destination,node2,3255.0,3719150.0,423474.5,error,0.0,0.0,0.0,0.0
2025-03-10 16:14:16,loadgenerator,frontend,http,500,0.0,-,destination,node2,3255.0,3719150.0,423474.5,error,0.0,0.0,0.0,0.0
2025-03-10 16:14:17,loadgenerator,frontend,http,500,0.0,-,destination,node2,3255.0,3719150.0,423474.5,error,0.0,0.0,0.0,0.0
2025-03-10 16:14:18,loadgenerator,frontend,http,500,0.0,-,destination,node2,3255.0,3719150.0,423474.5,error,0.0,0.0,0.0,0.0
2025-03-10 16:14:19,loadgenerator,frontend,http,500,0.0,-,destination,node2,3255.0,3719150.0,423474.5,error,0.0,0.0,0.0,0.0
2025-03-10 16:14:20,loadgenerator,frontend,http,500,0.0,-,destination,node2,3255.0,3719150.0,423474.5,error,0.0,0.0,0.0,0.0
2025-03-10 16:14:21,loadgenerator,frontend,http,500,0.0,-,destination,node2,3255.0,3719150.0,423474.5,error,0.0,0.0,0.0,0.0
2025-03-10 16:14:22,loadgenerator,frontend,http,500,0.0,-,destination,node2,3255.0,3719150.0,423474.5,error,0.0,0.0,0.0,0.0
2025-03-10 16:14:23,loadgenerator,frontend,http,500,0.0,-,destination,node2,3255.0,3719150.0,423474.5,error,0.0,0.0,0.0,0.0
2025-03-10 16:14:24,loadgenerator,frontend,http,500,0.0,-,destination,node2,3255.0,3719150.0,423474.5,error,0.0,0.0,0.0,0.0
2025-03-10 16:14:25,loadgenerator,frontend,http,500,0.0,-,destination,node2,3255.0,3719150.0,423474.5,error,0.0,0.0,0.0,0.0
2025-03-10 16:14:26,loadgenerator,frontend,http,500,0.0,-,destination,node2,3255.0,3719150.0,423474.5,error,0.0,0.0,0.0,0.0
2025-03-10 16:14:27,loadgenerator,frontend,http,500,0.0,-,destination,node2,3255.0,3719150.0,423474.5,error,0.0,0.0,0.0,0.0
2025-03-10 16:14:28,loadgenerator,frontend,http,500,0.0,-,destination,node2,3255.0,3719150.0,423474.5,error,0.0,0.0,0.0,0.0
2025-03-10 16:14:29,loadgenerator,frontend,http,500,0.0,-,destination,node2,3255.0,3719150.0,423474.5,error,0.0,0.0,0.0,0.0
2025-03-10 16:14:30,loadgenerator,frontend,http,500,0.0,-,destination,node2,3255.0,3719150.0,423474.5,error,0.0,0.0,0.0,0.0
2025-03-10 16:14:31,loadgenerator,frontend,http,500,0.0,-,destination,node2,3255.0,3719150.0,423474.5,error,0.0,0.0,0.0,0.0
2025-03-10 16:14:32,loadgenerator,frontend,http,500,0.0,-,destination,node2,3255.0,3719150.0,423474.5,error,0.0,0.0,0.0,0.0
2025-03-10 16:14:33,loadgenerator,frontend,http,500,0.0,-,destination,node2,3255.0,3719150.0,423474.5,error,0.0,0.0,0.0,0.0
2025-03-10 16:14:34,loadgenerator,frontend,http,500,0.0,-,destination,node2,3255.0,3719150.0,423474.5,error,0.0,0.0,0.0,0.0
2025-03-10 16:14:35,loadgenerator,frontend,http,500,0.0,-,destination,node2,3255.0,3719150.0,423474.5,error,0.0,0.0,0.0,0.0
2025-03-10 16:14:36,loadgenerator,frontend,http,500,0.0,-,destination,node2,3255.0,3719150.0,423474.5,error,0.0,0.0,0.0,0.0
2025-03-10 16:14:37,loadgenerator,frontend,http,500,0.0,-,destination,node2,3255.0,3719150.0,423474.5,error,0.0,0.0,0.0,0.0
2025-03-10 16:14:38,loadgenerator,frontend,http,500,0.0,-,destination,node2,3255.0,3719150.0,423474.5,error,0.0,0.0,0.0,0.0
2025-03-10 16:14:39,loadgenerator,frontend,http,500,0.0,-,destination,node2,3255.0,3719150.0,423474.5,error,0.0,0.0,0.0,0.0
2025-03-10 16:14:40,loadgenerator,frontend,http,500,0.0,-,destination,node2,3255.0,3719150.0,423474.5,error,0.0,0.0,0.0,0.0
2025-03-10 16:14:41,loadgenerator,frontend,http,500,0.0,-,destination,node2,3255.0,3719150.0,423474.5,error,0.0,0.0,0.0,0.0
2025-03-10 16:14:42,loadgenerator,frontend,http,500,0.0,-,destination,node2,3255.0,3719150.0,423474.5,error,0.0,0.0,0.0,0.0
2025-03-10 16:14:43,loadgenerator,frontend,http,500,0.0,-,destination,node2,3255.0,3719150.0,423474.5,error,0.0,0.0,0.0,0.0
2025-03-10 16:14:44,loadgenerator,frontend,http,500,0.0,-,destination,node2,3255.0,3719150.0,423474.5,error,0.0,0.0,0.0,0.0
2025-03-10 16:14:45,loadgenerator,frontend,http,500,0.0,-,destination,node2,3255.0,3719150.0,423474.5,error,0.0,0.0,0.0,0.0
2025-03-10 16:14:46,loadgenerator,frontend,http,500,0.0,-,destination,node2,3255.0,3719150.0,423474.5,error,0.0,0.0,0.0,0.0
2025-03-10 16:14:47,loadgenerator,frontend,http,500,0.0,-,destination,node2,3255.0,3719150.0,423474.5,error,0.0,0.0,0.0,0.0
2025-03-10 16:14:48,loadgenerator,frontend,http,500,0.0,-,destination,node2,3255.0,3719150.0,423474.5,error,0.0,0.0,0.0,0.0
2025-03-10 16:14:49,loadgenerator,frontend,http,500,0.0,-,destination,node2,3255.0,3719150.0,423474.5,error,0.0,0.0,0.0,0.0
2025-03-10 16:14:50,loadgenerator,frontend,http,500,0.0,-,destination,node2,3255.0,3719150.0,423474.5,error,0.0,0.0,0.0,0.0
2025-03-10 16:14:51,loadgenerator,frontend,http,500,0.0,-,destination,node2,3255.0,3719150.0,423474.5,error,0.0,0.0,0.0,0.0
2025-03-10 16:14:52,loadgenerator,frontend,http,500,0.0,-,destination,node2,3255.0,3719150.0,423474.5,error,0.0,0.0,0.0,0.0
2025-03-10 16:14:53,loadgenerator,frontend,http,500,0.0,-,destination,node2,3255.0,3719150.0,423474.5,error,0.0,0.0,0.0,0.0
2025-03-10 16:14:54,loadgenerator,frontend,http,500,0.0,-,destination,node2,3255.0,3719150.0,423474.5,error,0.0,0.0,0.0,0.0
2025-03-10 16:14:55,loadgenerator,frontend,http,500,0.0,-,destination,node2,3255.0,3719150.0,423474.5,error,0.0,0.0,0.0,0.0
2025-03-10 16:14:56,loadgenerator,frontend,http,500,0.0,-,destination,node2,3255.0,3719150.0,423474.5,error,0.0,0.0,0.0,0.0
2025-03-10 16:14:57,loadgenerator,frontend,http,500,0.0,-,destination,node2,3255.0,3719150.0,423474.5,error,0.0,0.0,0.0,0.0
2025-03-10 16:14:58,loadgenerator,frontend,http,500,0.0,-,destination,node2,3255.0,3719150.0,423474.5,error,0.0,0.0,0.0,0.0
2025-03-10 16:14:59,loadgenerator,frontend,http,500,0.0,-,destination,node2,3255.0,3719150.0,423474.5,error,0.0,0.0,0.0,0.0
2025-03-10 16:15:00,loadgenerator,frontend,http,500,0.0,-,destination,node2,3255.0,3719150.0,423474.5,error,0.0,0.0,0.0,0.0
2025-03-10 16:15:01,loadgenerator,frontend,http,500,0.0,-,destination,node2,3255.0,3719150.0,423474.5,error,0.0,0.0,0.0,0.0
2025-03-10 16:15:02,loadgenerator,frontend,http,500,0.0,-,destination,node2,3255.0,3719150.0,423474.5,error,0.0,0.0,0.0,0.0
2025-03-10 16:15:03,loadgenerator,frontend,http,500,0.0,-,destination,node2,3255.0,3719150.0,423474.5,error,0.0,0.0,0.0,0.0
2025-03-10 16:15:04,loadgenerator,frontend,http,500,0.0,-,destination,node2,3255.0,3719150.0,423474.5,error,0.0,0.0,0.0,0.0
2025-03-10 16:15:05,loadgenerator,frontend,http,500,0.0,-,destination,node2,3255.0,3719150.0,423474.5,error,0.0,0.0,0.0,0.0
2025-03-10 16:15:06,loadgenerator,frontend,http,500,0.0,-,destination,node2,3255.0,3719150.0,423474.5,error,0.0,0.0,0.0,0.0
2025-03-10 16:15:07,loadgenerator,frontend,http,500,0.0,-,destination,node2,3255.0,3719150.0,423474.5,error,0.0,0.0,0.0,0.0
2025-03-10 16:15:08,loadgenerator,frontend,http,500,0.0,-,destination,node2,3255.0,3719150.0,423474.5,error,0.0,0.0,0.0,0.0
2025-03-10 16:15:09,loadgenerator,frontend,http,500,0.0,-,destination,node2,3255.0,3719150.0,423474.5,error,0.0,0.0,0.0,0.0
2025-03-10 16:15:10,loadgenerator,frontend,http,500,0.0,-,destination,node2,3255.0,3719150.0,423474.5,error,0.0,0.0,0.0,0.0
2025-03-10 16:15:11,loadgenerator,frontend,http,500,0.0,-,destination,node2,3255.0,3719150.0,423474.5,error,0.0,0.0,0.0,0.0
2025-03-10 16:15:12,loadgenerator,frontend,http,500,0.0,-,destination,node2,3255.0,3719150.0,423474.5,error,0.0,0.0,0.0,0.0
2025-03-10 16:15:13,loadgenerator,frontend,http,500,0.0,-,destination,node2,3255.0,3719150.0,423474.5,error,0.0,0.0,0.0,0.0
2025-03-10 16:15:14,loadgenerator,frontend,http,500,0.0,-,destination,node2,3255.0,3719150.0,423474.5,error,0.0,0.0,0.0,0.0
2025-03-10 16:15:15,loadgenerator,frontend,http,500,0.0,-,destination,node2,3255.0,3719150.0,423474.5,error,0.0,0.0,0.0,0.0
2025-03-10 16:15:16,loadgenerator,frontend,http,500,0.0,-,destination,node2,3255.0,3719150.0,423474.5,error,0.0,0.0,0.0,0.0
2025-03-10 16:15:17,loadgenerator,frontend,http,500,0.0,-,destination,node2,3255.0,3719150.0,423474.5,error,0.0,0.0,0.0,0.0
2025-03-10 16:15:18,loadgenerator,frontend,http,500,0.0,-,destination,node2,3255.0,3719150.0,423474.5,error,0.0,0.0,0.0,0.0
2025-03-10 16:15:19,loadgenerator,frontend,http,500,0.0,-,destination,node2,3255.0,3719150.0,423474.5,error,0.0,0.0,0.0,0.0
2025-03-10 16:15:20,loadgenerator,frontend,http,500,0.0,-,destination,node2,3255.0,3719150.0,423474.5,error,0.0,0.0,0.0,0.0
2025-03-10 16:15:21,loadgenerator,frontend,http,500,0.0,-,destination,node2,3255.0,3719150.0,423474.5,error,0.0,0.0,0.0,0.0
2025-03-10 16:15:22,loadgenerator,frontend,http,500,0.0,-,destination,node2,3255.0,3719150.0,423474.5,error,0.0,0.0,0.0,0.0
2025-03-10 16:15:23,loadgenerator,frontend,http,500,0.0,-,destination,node2,3255.0,3719150.0,423474.5,error,0.0,0.0,0.0,0.0
2025-03-10 16:15:24,loadgenerator,frontend,http,500,0.0,-,destination,node2,3255.0,3719150.0,423474.5,error,0.0,0.0,0.0,0.0
2025-03-10 16:15:25,loadgenerator,frontend,http,500,0.0,-,destination,node2,3255.0,3719150.0,423474.5,error,0.0,0.0,0.0,0.0
2025-03-10 16:15:26,loadgenerator,frontend,http,500,0.0,-,destination,node2,3255.0,3719150.0,423474.5,error,0.0,0.0,0.0,0.0
2025-03-10 16:15:27,loadgenerator,frontend,http,500,0.0,-,destination,node2,3255.0,3719150.0,423474.5,error,0.0,0.0,0.0,0.0
2025-03-10 16:15:28,loadgenerator,frontend,http,500,0.0,-,destination,node2,3255.0,3719150.0,423474.5,error,0.0,0.0,0.0,0.0
2025-03-10 16:15:29,loadgenerator,frontend,http,500,0.0,-,destination,node2,3255.0,3719150.0,423474.5,error,0.0,0.0,0.0,0.0
2025-03-10 16:15:30,loadgenerator,frontend,http,500,0.0,-,destination,node2,3255.0,3719150.0,423474.5,error,0.0,0.0,0.0,0.0
2025-03-10 16:15:31,loadgenerator,frontend,http,500,0.0,-,destination,node2,3255.0,3719150.0,423474.5,error,0.0,0.0,0.0,0.0
2025-03-10 16:15:32,loadgenerator,frontend,http,500,0.0,-,destination,node2,3255.0,3719150.0,423474.5,error,0.0,0.0,0.0,0.0
2025-03-10 16:15:33,loadgenerator,frontend,http,500,0.0,-,destination,node2,3255.0,3719150.0,423474.5,error,0.0,0.0,0.0,0.0
2025-03-10 16:15:34,loadgenerator,frontend,http,500,0.0,-,destination,node2,3255.0,3719150.0,423474.5,error,0.0,0.0,0.0,0.0
2025-03-10 16:15:35,loadgenerator,frontend,http,500,0.0,-,destination,node2,3255.0,3719150.0,423474.5,error,0.0,0.0,0.0,0.0
2025-03-10 16:15:36,loadgenerator,frontend,http,500,0.0,-,destination,node2,3255.0,3719150.0,423474.5,error,0.0,0.0,0.0,0.0
2025-03-10 16:15:37,loadgenerator,frontend,http,500,0.0,-,destination,node2,3255.0,3719150.0,423474.5,error,0.0,0.0,0.0,0.0
2025-03-10 16:15:38,loadgenerator,frontend,http,500,0.0,-,destination,node2,3255.0,3719150.0,423474.5,error,0.0,0.0,0.0,0.0
2025-03-10 16:15:39,loadgenerator,frontend,http,500,0.0,-,destination,node2,3255.0,3719150.0,423474.5,error,0.0,0.0,0.0,0.0
2025-03-10 16:15:40,loadgenerator,frontend,http,500,0.0,-,destination,node2,3255.0,3719150.0,423474.5,error,0.0,0.0,0.0,0.0
2025-03-10 16:15:41,loadgenerator,frontend,http,500,0.0,-,destination,node2,3255.0,3719150.0,423474.5,error,0.0,0.0,0.0,0.0
2025-03-10 16:15:42,loadgenerator,frontend,http,500,0.0,-,destination,node2,3255.0,3719150.0,423474.5,error,0.0,0.0,0.0,0.0
2025-03-10 16:15:43,loadgenerator,frontend,http,500,0.0,-,destination,node2,3255.0,3719150.0,423474.5,error,0.0,0.0,0.0,0.0
2025-03-10 16:15:44,loadgenerator,frontend,http,500,0.0,-,destination,node2,3255.0,3719150.0,423474.5,error,0.0,0.0,0.0,0.0
2025-03-10 16:15:45,loadgenerator,frontend,http,500,0.0,-,destination,node2,3255.0,3719150.0,423474.5,error,0.0,0.0,0.0,0.0
2025-03-10 16:15:46,loadgenerator,frontend,http,500,0.0,-,destination,node2,3255.0,3719150.0,423474.5,error,0.0,0.0,0.0,0.0
2025-03-10 16:15:47,loadgenerator,frontend,http,500,0.0,-,destination,node2,3255.0,3719150.0,423474.5,error,0.0,0.0,0.0,0.0
2025-03-10 16:15:48,loadgenerator,frontend,http,500,0.0,-,destination,node2,3255.0,3719150.0,423474.5,error,0.0,0.0,0.0,0.0
2025-03-10 16:15:49,loadgenerator,frontend,http,500,0.0,-,destination,node2,3255.0,3719150.0,423474.5,error,0.0,0.0,0.0,0.0
2025-03-10 16:15:50,loadgenerator,frontend,http,500,0.0,-,destination,node2,3255.0,3719150.0,423474.5,error,0.0,0.0,0.0,0.0
2025-03-10 16:15:51,loadgenerator,frontend,http,500,0.0,-,destination,node2,3255.0,3719150.0,423474.5,error,0.0,0.0,0.0,0.0
2025-03-10 16:15:52,loadgenerator,frontend,http,500,0.0,-,destination,node2,3255.0,3719150.0,423474.5,error,0.0,0.0,0.0,0.0
2025-03-10 16:15:53,loadgenerator,frontend,http,500,0.0,-,destination,node2,3255.0,3719150.0,423474.5,error,0.0,0.0,0.0,0.0
2025-03-10 16:15:54,loadgenerator,frontend,http,500,0.0,-,destination,node2,3255.0,3719150.0,423474.5,error,0.0,0.0,0.0,0.0
2025-03-10 16:15:55,loadgenerator,frontend,http,500,0.0,-,destination,node2,3255.0,3719150.0,423474.5,error,0.0,0.0,0.0,0.0
2025-03-10 16:15:56,loadgenerator,frontend,http,500,0.0,-,destination,node2,3256.0,3720500.0,423759.5,error,1.0,1350.0,285.0,285.0
2025-03-10 16:15:57,loadgenerator,frontend,http,500,0.0,-,destination,node2,3256.0,3720500.0,423759.5,error,0.0,0.0,0.0,0.0
2025-03-10 16:15:58,loadgenerator,frontend,http,500,0.0,-,destination,node2,3256.0,3720500.0,423759.5,error,0.0,0.0,0.0,0.0
2025-03-10 16:15:59,loadgenerator,frontend,http,500,0.0,-,destination,node2,3256.0,3720500.0,423759.5,error,0.0,0.0,0.0,0.0
2025-03-10 16:16:00,loadgenerator,frontend,http,500,0.0,-,destination,node2,3256.0,3720500.0,423759.5,error,0.0,0.0,0.0,0.0
2025-03-10 16:16:01,loadgenerator,frontend,http,500,0.0,-,destination,node2,3256.0,3720500.0,423759.5,error,0.0,0.0,0.0,0.0
2025-03-10 16:16:02,loadgenerator,frontend,http,500,0.0,-,destination,node2,3256.0,3720500.0,423759.5,error,0.0,0.0,0.0,0.0
2025-03-10 16:16:03,loadgenerator,frontend,http,500,0.0,-,destination,node2,3256.0,3720500.0,423759.5,error,0.0,0.0,0.0,0.0
2025-03-10 16:16:04,loadgenerator,frontend,http,500,0.0,-,destination,node2,3256.0,3720500.0,423759.5,error,0.0,0.0,0.0,0.0
2025-03-10 16:16:05,loadgenerator,frontend,http,500,0.0,-,destination,node2,3256.0,3720500.0,423759.5,error,0.0,0.0,0.0,0.0
2025-03-10 16:16:06,loadgenerator,frontend,http,500,0.0,-,destination,node2,3256.0,3720500.0,423759.5,error,0.0,0.0,0.0,0.0
2025-03-10 16:16:07,loadgenerator,frontend,http,500,0.0,-,destination,node2,3256.0,3720500.0,423759.5,error,0.0,0.0,0.0,0.0
2025-03-10 16:16:08,loadgenerator,frontend,http,500,0.0,-,destination,node2,3256.0,3720500.0,423759.5,error,0.0,0.0,0.0,0.0
2025-03-10 16:16:09,loadgenerator,frontend,http,500,0.0,-,destination,node2,3256.0,3720500.0,423759.5,error,0.0,0.0,0.0,0.0
2025-03-10 16:16:10,loadgenerator,frontend,http,500,0.0,-,destination,node2,3256.0,3720500.0,423759.5,error,0.0,0.0,0.0,0.0
2025-03-10 16:16:11,loadgenerator,frontend,http,500,0.0,-,destination,node2,3256.0,3720500.0,423759.5,error,0.0,0.0,0.0,0.0
2025-03-10 16:16:12,loadgenerator,frontend,http,500,0.0,-,destination,node2,3256.0,3720500.0,423759.5,error,0.0,0.0,0.0,0.0
2025-03-10 16:16:13,loadgenerator,frontend,http,500,0.0,-,destination,node2,3256.0,3720500.0,423759.5,error,0.0,0.0,0.0,0.0
2025-03-10 16:16:14,loadgenerator,frontend,http,500,0.0,-,destination,node2,3256.0,3720500.0,423759.5,error,0.0,0.0,0.0,0.0
2025-03-10 16:16:15,loadgenerator,frontend,http,500,0.0,-,destination,node2,3256.0,3720500.0,423759.5,error,0.0,0.0,0.0,0.0
2025-03-10 16:16:16,loadgenerator,frontend,http,500,0.0,-,destination,node2,3256.0,3720500.0,423759.5,error,0.0,0.0,0.0,0.0
2025-03-10 16:16:17,loadgenerator,frontend,http,500,0.0,-,destination,node2,3256.0,3720500.0,423759.5,error,0.0,0.0,0.0,0.0
2025-03-10 16:16:18,loadgenerator,frontend,http,500,0.0,-,destination,node2,3256.0,3720500.0,423759.5,error,0.0,0.0,0.0,0.0
2025-03-10 16:16:19,loadgenerator,frontend,http,500,0.0,-,destination,node2,3256.0,3720500.0,423759.5,error,0.0,0.0,0.0,0.0
2025-03-10 16:16:20,loadgenerator,frontend,http,500,0.0,-,destination,node2,3256.0,3720500.0,423759.5,error,0.0,0.0,0.0,0.0
2025-03-10 16:16:21,loadgenerator,frontend,http,500,0.0,-,destination,node2,3256.0,3720500.0,423759.5,error,0.0,0.0,0.0,0.0
2025-03-10 16:16:22,loadgenerator,frontend,http,500,0.0,-,destination,node2,3256.0,3720500.0,423759.5,error,0.0,0.0,0.0,0.0
2025-03-10 16:16:23,loadgenerator,frontend,http,500,0.0,-,destination,node2,3256.0,3720500.0,423759.5,error,0.0,0.0,0.0,0.0
2025-03-10 16:16:24,loadgenerator,frontend,http,500,0.0,-,destination,node2,3256.0,3720500.0,423759.5,error,0.0,0.0,0.0,0.0
2025-03-10 16:16:25,loadgenerator,frontend,http,500,0.0,-,destination,node2,3256.0,3720500.0,423759.5,error,0.0,0.0,0.0,0.0
2025-03-10 16:16:26,loadgenerator,frontend,http,500,0.0,-,destination,node2,3256.0,3720500.0,423759.5,error,0.0,0.0,0.0,0.0
2025-03-10 16:16:27,loadgenerator,frontend,http,500,0.0,-,destination,node2,3256.0,3720500.0,423759.5,error,0.0,0.0,0.0,0.0
2025-03-10 16:16:28,loadgenerator,frontend,http,500,0.0,-,destination,node2,3256.0,3720500.0,423759.5,error,0.0,0.0,0.0,0.0
2025-03-10 16:16:29,loadgenerator,frontend,http,500,0.0,-,destination,node2,3256.0,3720500.0,423759.5,error,0.0,0.0,0.0,0.0
2025-03-10 16:16:30,loadgenerator,frontend,http,500,0.0,-,destination,node2,3256.0,3720500.0,423759.5,error,0.0,0.0,0.0,0.0
2025-03-10 16:16:31,loadgenerator,frontend,http,500,0.0,-,destination,node2,3256.0,3720500.0,423759.5,error,0.0,0.0,0.0,0.0
2025-03-10 16:16:32,loadgenerator,frontend,http,500,0.0,-,destination,node2,3256.0,3720500.0,423759.5,error,0.0,0.0,0.0,0.0
2025-03-10 16:16:33,loadgenerator,frontend,http,500,0.0,-,destination,node2,3256.0,3720500.0,423759.5,error,0.0,0.0,0.0,0.0
2025-03-10 16:16:34,loadgenerator,frontend,http,500,0.0,-,destination,node2,3256.0,3720500.0,423759.5,error,0.0,0.0,0.0,0.0
2025-03-10 16:16:35,loadgenerator,frontend,http,500,0.0,-,destination,node2,3256.0,3720500.0,423759.5,error,0.0,0.0,0.0,0.0
2025-03-10 16:16:36,loadgenerator,frontend,http,500,0.0,-,destination,node2,3256.0,3720500.0,423759.5,error,0.0,0.0,0.0,0.0
2025-03-10 16:16:37,loadgenerator,frontend,http,500,0.0,-,destination,node2,3256.0,3720500.0,423759.5,error,0.0,0.0,0.0,0.0
2025-03-10 16:16:38,loadgenerator,frontend,http,500,0.0,-,destination,node2,3256.0,3720500.0,423759.5,error,0.0,0.0,0.0,0.0
2025-03-10 16:16:39,loadgenerator,frontend,http,500,0.0,-,destination,node2,3256.0,3720500.0,423759.5,error,0.0,0.0,0.0,0.0
2025-03-10 16:16:40,loadgenerator,frontend,http,500,0.0,-,destination,node2,3256.0,3720500.0,423759.5,error,0.0,0.0,0.0,0.0
2025-03-10 16:16:41,loadgenerator,frontend,http,500,0.0,-,destination,node2,3256.0,3720500.0,423759.5,error,0.0,0.0,0.0,0.0
2025-03-10 16:16:42,loadgenerator,frontend,http,500,0.0,-,destination,node2,3256.0,3720500.0,423759.5,error,0.0,0.0,0.0,0.0
2025-03-10 16:16:43,loadgenerator,frontend,http,500,0.0,-,destination,node2,3256.0,3720500.0,423759.5,error,0.0,0.0,0.0,0.0
2025-03-10 16:16:44,loadgenerator,frontend,http,500,0.0,-,destination,node2,3256.0,3720500.0,423759.5,error,0.0,0.0,0.0,0.0
2025-03-10 16:16:45,loadgenerator,frontend,http,500,0.0,-,destination,node2,3256.0,3720500.0,423759.5,error,0.0,0.0,0.0,0.0
2025-03-10 16:16:46,loadgenerator,frontend,http,500,0.0,-,destination,node2,3256.0,3720500.0,423759.5,error,0.0,0.0,0.0,0.0
2025-03-10 16:16:47,loadgenerator,frontend,http,500,0.0,-,destination,node2,3256.0,3720500.0,423759.5,error,0.0,0.0,0.0,0.0
2025-03-10 16:16:48,loadgenerator,frontend,http,500,0.0,-,destination,node2,3256.0,3720500.0,423759.5,error,0.0,0.0,0.0,0.0
2025-03-10 16:16:49,loadgenerator,frontend,http,500,0.0,-,destination,node2,3256.0,3720500.0,423759.5,error,0.0,0.0,0.0,0.0
2025-03-10 16:16:50,loadgenerator,frontend,http,500,0.0,-,destination,node2,3256.0,3720500.0,423759.5,error,0.0,0.0,0.0,0.0
2025-03-10 16:16:51,loadgenerator,frontend,http,500,0.0,-,destination,node2,3256.0,3720500.0,423759.5,error,0.0,0.0,0.0,0.0
2025-03-10 16:16:52,loadgenerator,frontend,http,500,0.0,-,destination,node2,3256.0,3720500.0,423759.5,error,0.0,0.0,0.0,0.0
2025-03-10 16:16:53,loadgenerator,frontend,http,500,0.0,-,destination,node2,3256.0,3720500.0,423759.5,error,0.0,0.0,0.0,0.0
2025-03-10 16:16:54,loadgenerator,frontend,http,500,0.0,-,destination,node2,3256.0,3720500.0,423759.5,error,0.0,0.0,0.0,0.0
2025-03-10 16:16:55,loadgenerator,frontend,http,500,0.0,-,destination,node2,3256.0,3720500.0,423759.5,error,0.0,0.0,0.0,0.0
2025-03-10 16:16:56,loadgenerator,frontend,http,500,0.0,-,destination,node2,3256.0,3720500.0,423759.5,error,0.0,0.0,0.0,0.0
2025-03-10 16:16:57,loadgenerator,frontend,http,500,0.0,-,destination,node2,3256.0,3720500.0,423759.5,error,0.0,0.0,0.0,0.0
2025-03-10 16:16:58,loadgenerator,frontend,http,500,0.0,-,destination,node2,3256.0,3720500.0,423759.5,error,0.0,0.0,0.0,0.0
2025-03-10 16:16:59,loadgenerator,frontend,http,500,0.0,-,destination,node2,3256.0,3720500.0,423759.5,error,0.0,0.0,0.0,0.0
2025-03-10 16:17:00,loadgenerator,frontend,http,500,0.0,-,destination,node2,3256.0,3720500.0,423759.5,error,0.0,0.0,0.0,0.0
2025-03-10 16:17:01,loadgenerator,frontend,http,500,0.0,-,destination,node2,3256.0,3720500.0,423759.5,error,0.0,0.0,0.0,0.0
2025-03-10 16:17:02,loadgenerator,frontend,http,500,0.0,-,destination,node2,3256.0,3720500.0,423759.5,error,0.0,0.0,0.0,0.0
2025-03-10 16:17:03,loadgenerator,frontend,http,500,0.0,-,destination,node2,3256.0,3720500.0,423759.5,error,0.0,0.0,0.0,0.0
2025-03-10 16:17:04,loadgenerator,frontend,http,500,0.0,-,destination,node2,3256.0,3720500.0,423759.5,error,0.0,0.0,0.0,0.0
2025-03-10 16:17:05,loadgenerator,frontend,http,500,0.0,-,destination,node2,3256.0,3720500.0,423759.5,error,0.0,0.0,0.0,0.0
2025-03-10 16:17:06,loadgenerator,frontend,http,500,0.0,-,destination,node2,3256.0,3720500.0,423759.5,error,0.0,0.0,0.0,0.0
2025-03-10 16:17:07,loadgenerator,frontend,http,500,0.0,-,destination,node2,3256.0,3720500.0,423759.5,error,0.0,0.0,0.0,0.0
2025-03-10 16:17:08,loadgenerator,frontend,http,500,0.0,-,destination,node2,3256.0,3720500.0,423759.5,error,0.0,0.0,0.0,0.0
2025-03-10 16:17:09,loadgenerator,frontend,http,500,0.0,-,destination,node2,3256.0,3720500.0,423759.5,error,0.0,0.0,0.0,0.0
2025-03-10 16:17:10,loadgenerator,frontend,http,500,0.0,-,destination,node2,3256.0,3720500.0,423759.5,error,0.0,0.0,0.0,0.0
2025-03-10 16:17:11,loadgenerator,frontend,http,500,0.0,-,destination,node2,3256.0,3720500.0,423759.5,error,0.0,0.0,0.0,0.0
2025-03-10 16:17:12,loadgenerator,frontend,http,500,0.0,-,destination,node2,3256.0,3720500.0,423759.5,error,0.0,0.0,0.0,0.0
2025-03-10 16:17:13,loadgenerator,frontend,http,500,0.0,-,destination,node2,3256.0,3720500.0,423759.5,error,0.0,0.0,0.0,0.0
2025-03-10 16:17:14,loadgenerator,frontend,http,500,0.0,-,destination,node2,3256.0,3720500.0,423759.5,error,0.0,0.0,0.0,0.0
2025-03-10 16:17:15,loadgenerator,frontend,http,500,0.0,-,destination,node2,3256.0,3720500.0,423759.5,error,0.0,0.0,0.0,0.0
2025-03-10 16:17:16,loadgenerator,frontend,http,500,0.0,-,destination,node2,3256.0,3720500.0,423759.5,error,0.0,0.0,0.0,0.0
2025-03-10 16:17:17,loadgenerator,frontend,http,500,0.0,-,destination,node2,3256.0,3720500.0,423759.5,error,0.0,0.0,0.0,0.0
2025-03-10 16:17:18,loadgenerator,frontend,http,500,0.0,-,destination,node2,3256.0,3720500.0,423759.5,error,0.0,0.0,0.0,0.0
2025-03-10 16:17:19,loadgenerator,frontend,http,500,0.0,-,destination,node2,3256.0,3720500.0,423759.5,error,0.0,0.0,0.0,0.0
2025-03-10 16:17:20,loadgenerator,frontend,http,500,0.0,-,destination,node2,3256.0,3720500.0,423759.5,error,0.0,0.0,0.0,0.0
2025-03-10 16:17:21,loadgenerator,frontend,http,500,0.0,-,destination,node2,3256.0,3720500.0,423759.5,error,0.0,0.0,0.0,0.0
2025-03-10 16:17:22,loadgenerator,frontend,http,500,0.0,-,destination,node2,3256.0,3720500.0,423759.5,error,0.0,0.0,0.0,0.0
2025-03-10 16:17:23,loadgenerator,frontend,http,500,0.0,-,destination,node2,3256.0,3720500.0,423759.5,error,0.0,0.0,0.0,0.0
2025-03-10 16:17:24,loadgenerator,frontend,http,500,0.0,-,destination,node2,3256.0,3720500.0,423759.5,error,0.0,0.0,0.0,0.0
2025-03-10 16:17:25,loadgenerator,frontend,http,500,0.0,-,destination,node2,3256.0,3720500.0,423759.5,error,0.0,0.0,0.0,0.0
2025-03-10 16:17:26,loadgenerator,frontend,http,500,0.0,-,destination,node2,3256.0,3720500.0,423759.5,error,0.0,0.0,0.0,0.0
2025-03-10 16:17:27,loadgenerator,frontend,http,500,0.0,-,destination,node2,3256.0,3720500.0,423759.5,error,0.0,0.0,0.0,0.0
2025-03-10 16:17:28,loadgenerator,frontend,http,500,0.0,-,destination,node2,3256.0,3720500.0,423759.5,error,0.0,0.0,0.0,0.0
2025-03-10 16:17:29,loadgenerator,frontend,http,500,0.0,-,destination,node2,3256.0,3720500.0,423759.5,error,0.0,0.0,0.0,0.0
2025-03-10 16:17:30,loadgenerator,frontend,http,500,0.0,-,destination,node2,3256.0,3720500.0,423759.5,error,0.0,0.0,0.0,0.0
2025-03-10 16:17:31,loadgenerator,frontend,http,500,0.0,-,destination,node2,3256.0,3720500.0,423759.5,error,0.0,0.0,0.0,0.0
2025-03-10 16:17:32,loadgenerator,frontend,http,500,0.0,-,destination,node2,3256.0,3720500.0,423759.5,error,0.0,0.0,0.0,0.0
2025-03-10 16:17:33,loadgenerator,frontend,http,500,0.0,-,destination,node2,3256.0,3720500.0,423759.5,error,0.0,0.0,0.0,0.0
2025-03-10 16:17:34,loadgenerator,frontend,http,500,0.0,-,destination,node2,3256.0,3720500.0,423759.5,error,0.0,0.0,0.0,0.0
2025-03-10 16:17:35,loadgenerator,frontend,http,500,0.0,-,destination,node2,3256.0,3720500.0,423759.5,error,0.0,0.0,0.0,0.0
2025-03-10 16:17:36,loadgenerator,frontend,http,500,0.0,-,destination,node2,3256.0,3720500.0,423759.5,error,0.0,0.0,0.0,0.0
2025-03-10 16:17:37,loadgenerator,frontend,http,500,0.0,-,destination,node2,3256.0,3720500.0,423759.5,error,0.0,0.0,0.0,0.0
2025-03-10 16:17:38,loadgenerator,frontend,http,500,0.0,-,destination,node2,3256.0,3720500.0,423759.5,error,0.0,0.0,0.0,0.0
2025-03-10 16:17:39,loadgenerator,frontend,http,500,0.0,-,destination,node2,3256.0,3720500.0,423759.5,error,0.0,0.0,0.0,0.0
2025-03-10 16:17:40,loadgenerator,frontend,http,500,0.0,-,destination,node2,3256.0,3720500.0,423759.5,error,0.0,0.0,0.0,0.0
2025-03-10 16:17:41,loadgenerator,frontend,http,500,0.0,-,destination,node2,3256.0,3720500.0,423759.5,error,0.0,0.0,0.0,0.0
2025-03-10 16:17:42,loadgenerator,frontend,http,500,0.0,-,destination,node2,3256.0,3720500.0,423759.5,error,0.0,0.0,0.0,0.0
2025-03-10 16:17:43,loadgenerator,frontend,http,500,0.0,-,destination,node2,3256.0,3720500.0,423759.5,error,0.0,0.0,0.0,0.0
2025-03-10 16:17:44,loadgenerator,frontend,http,500,0.0,-,destination,node2,3256.0,3720500.0,423759.5,error,0.0,0.0,0.0,0.0
2025-03-10 16:17:45,loadgenerator,frontend,http,500,0.0,-,destination,node2,3256.0,3720500.0,423759.5,error,0.0,0.0,0.0,0.0
2025-03-10 16:17:46,loadgenerator,frontend,http,500,0.0,-,destination,node2,3256.0,3720500.0,423759.5,error,0.0,0.0,0.0,0.0
2025-03-10 16:17:47,loadgenerator,frontend,http,500,0.0,-,destination,node2,3256.0,3720500.0,423759.5,error,0.0,0.0,0.0,0.0
2025-03-10 16:17:48,loadgenerator,frontend,http,500,0.0,-,destination,node2,3256.0,3720500.0,423759.5,error,0.0,0.0,0.0,0.0
2025-03-10 16:17:49,loadgenerator,frontend,http,500,0.0,-,destination,node2,3256.0,3720500.0,423759.5,error,0.0,0.0,0.0,0.0
2025-03-10 16:17:50,loadgenerator,frontend,http,500,0.0,-,destination,node2,3256.0,3720500.0,423759.5,error,0.0,0.0,0.0,0.0
2025-03-10 16:17:51,loadgenerator,frontend,http,500,0.0,-,destination,node2,3256.0,3720500.0,423759.5,error,0.0,0.0,0.0,0.0
2025-03-10 16:17:52,loadgenerator,frontend,http,500,0.0,-,destination,node2,3256.0,3720500.0,423759.5,error,0.0,0.0,0.0,0.0
2025-03-10 16:17:53,loadgenerator,frontend,http,500,0.0,-,destination,node2,3256.0,3720500.0,423759.5,error,0.0,0.0,0.0,0.0
2025-03-10 16:17:54,loadgenerator,frontend,http,500,0.0,-,destination,node2,3256.0,3720500.0,423759.5,error,0.0,0.0,0.0,0.0
2025-03-10 16:17:55,loadgenerator,frontend,http,500,0.0,-,destination,node2,3256.0,3720500.0,423759.5,error,0.0,0.0,0.0,0.0
2025-03-10 16:17:56,loadgenerator,frontend,http,500,0.0,-,destination,node2,3256.0,3720500.0,423759.5,error,0.0,0.0,0.0,0.0
2025-03-10 16:17:57,loadgenerator,frontend,http,500,0.0,-,destination,node2,3256.0,3720500.0,423759.5,error,0.0,0.0,0.0,0.0
2025-03-10 16:17:58,loadgenerator,frontend,http,500,0.0,-,destination,node2,3256.0,3720500.0,423759.5,error,0.0,0.0,0.0,0.0
2025-03-10 16:17:59,loadgenerator,frontend,http,500,0.0,-,destination,node2,3256.0,3720500.0,423759.5,error,0.0,0.0,0.0,0.0
2025-03-10 16:18:00,loadgenerator,frontend,http,500,0.0,-,destination,node2,3256.0,3720500.0,423759.5,error,0.0,0.0,0.0,0.0
